{
    "benchmark_mse": {
        "RF": 0.02843513415150396,
        "XGB": 0.029834832154531744,
        "PINN_Incomplete": 0.09413175699107934,
        "PINN_Known": 0.3044966794827332,
        "GAN": 0.028691579389133876,
        "ParaQNN": 4.884579172539461e-07
    },
    "statistics": {
        "RF": {
            "mean": 0.02843513415150396,
            "std": 3.530080616895035e-06,
            "values": [
                0.028438998428786624,
                0.028431319078423358,
                0.028439259454314362,
                0.028434929522044797,
                0.028431164273950663
            ]
        },
        "XGB": {
            "mean": 0.029834832154531744,
            "std": 3.469446951953614e-18,
            "values": [
                0.02983483215453174,
                0.02983483215453174,
                0.02983483215453174,
                0.02983483215453174,
                0.02983483215453174
            ]
        },
        "PINN_Incomplete": {
            "mean": 0.09413175699107934,
            "std": 0.009753889386453217,
            "values": [
                0.09562373660026739,
                0.10958799201548361,
                0.09566934404678071,
                0.09042708603197185,
                0.07935062626089315
            ]
        },
        "PINN_Known": {
            "mean": 0.3044966794827332,
            "std": 0.004956509186794255,
            "values": [
                0.3042857971938808,
                0.2970323443061468,
                0.30239288374854334,
                0.30666280219891534,
                0.31210956996617945
            ]
        },
        "GAN": {
            "mean": 0.028691579389133876,
            "std": 0.014172164196773064,
            "values": [
                0.010868283536590294,
                0.022959931348057707,
                0.024805979194104547,
                0.053860430100071424,
                0.0309632727668454
            ]
        },
        "ParaQNN": {
            "mean": 4.884579172539461e-07,
            "std": 4.195692331481587e-07,
            "values": [
                1.2371104455625398e-06,
                2.754036201895877e-07,
                6.544039091611503e-07,
                1.563773095447925e-07,
                1.1899430181165989e-07
            ]
        }
    },
    "seeds_used": [
        42,
        43,
        44,
        45,
        46
    ],
    "noise_regime": {
        "t1_relaxation_us": 10.0,
        "rabi_freq_rad_per_us": 2.0,
        "source": "npz_metadata"
    }
}