{
    "RF": 0.028438998428786624,
    "XGB": 0.02983483215453174,
    "PINN_Incomplete": 0.09562373660026739,
    "PINN_Known": 0.504988081184621,
    "GAN": 0.010868283536590294,
    "ParaQNN": 1.2371104455625398e-06
}