{
  "protocol": "extrapolation",
  "seed": 42,
  "epochs_deep": 4000,
  "metrics": {
    "RF": 0.004367939882547477,
    "XGB": 0.004410251043736935,
    "PINN_Incomplete": 0.018408197909593582,
    "PINN_Known": 0.2543852925300598,
    "GAN": 0.14183427393436432,
    "ParaQNN": 5.193477363718557e-07
  }
}