{
    "benchmark_mse": {
        "RF": 0.004391218192440405,
        "XGB": 0.004410251043736935,
        "PINN_Incomplete": 0.014964921772480011,
        "PINN_Known": 0.25373496413230895,
        "GAN": 0.0867230891250074,
        "ParaQNN": 7.674484072595078e-06
    },
    "statistics": {
        "RF": {
            "mean": 0.004391218192440405,
            "std": 1.875303705978224e-05,
            "values": [
                0.004367939882547477,
                0.004403275625613416,
                0.004414398499213587,
                0.004370035188576539,
                0.0044004417662510086
            ]
        },
        "XGB": {
            "mean": 0.004410251043736935,
            "std": 0.0,
            "values": [
                0.004410251043736935,
                0.004410251043736935,
                0.004410251043736935,
                0.004410251043736935,
                0.004410251043736935
            ]
        },
        "PINN_Incomplete": {
            "mean": 0.014964921772480011,
            "std": 0.0059018745651321924,
            "values": [
                0.018408197909593582,
                0.0077547552064061165,
                0.011477385647594929,
                0.024585535749793053,
                0.012598734349012375
            ]
        },
        "PINN_Known": {
            "mean": 0.25373496413230895,
            "std": 0.0004253329778108396,
            "values": [
                0.2543852925300598,
                0.2532511055469513,
                0.254052996635437,
                0.25361308455467224,
                0.25337234139442444
            ]
        },
        "GAN": {
            "mean": 0.0867230891250074,
            "std": 0.05906791119838919,
            "values": [
                0.14183427393436432,
                0.027409743517637253,
                0.1488921344280243,
                0.006044845562428236,
                0.10943444818258286
            ]
        },
        "ParaQNN": {
            "mean": 7.674484072595078e-06,
            "std": 6.266045865556876e-06,
            "values": [
                5.193477363718557e-07,
                1.6364336261176504e-05,
                4.422964593686629e-06,
                3.1681370273872744e-06,
                1.3897634744353127e-05
            ]
        }
    },
    "seeds_used": [
        42,
        43,
        44,
        45,
        46
    ],
    "noise_regime": {
        "drive_freq_MHz": 3.0,
        "t2_dephasing_us": 4.0,
        "regime_switches": [
            4.0,
            7.0
        ],
        "source": "npz_metadata"
    }
}