{
    "benchmark_mse": {
        "RF": 0.014831753081013546,
        "XGB": 0.049018558181844946,
        "PINN_Incomplete": 0.015273234142541569,
        "PINN_Known": 0.26270196709103805,
        "GAN": 0.04244013748296026,
        "ParaQNN": 0.00019153451297171644
    },
    "statistics": {
        "RF": {
            "mean": 0.014831753081013546,
            "std": 7.4528786640712185e-06,
            "values": [
                0.014829833085386346,
                0.01483667634862465,
                0.014835679491696096,
                0.014818032141422433,
                0.01483854433793821
            ]
        },
        "XGB": {
            "mean": 0.049018558181844946,
            "std": 0.0,
            "values": [
                0.049018558181844946,
                0.049018558181844946,
                0.049018558181844946,
                0.049018558181844946,
                0.049018558181844946
            ]
        },
        "PINN_Incomplete": {
            "mean": 0.015273234142541569,
            "std": 0.00026260273832015926,
            "values": [
                0.01551793330090345,
                0.015160843991652885,
                0.015297527761547464,
                0.015555099037816895,
                0.01483476662078715
            ]
        },
        "PINN_Known": {
            "mean": 0.26270196709103805,
            "std": 0.0008838724738574455,
            "values": [
                0.26313361987835254,
                0.26269522961909153,
                0.26408544716988414,
                0.2620898474215349,
                0.2615056913663269
            ]
        },
        "GAN": {
            "mean": 0.04244013748296026,
            "std": 0.03190565324734947,
            "values": [
                0.09080588052590054,
                0.01644269543706961,
                0.018390935242507955,
                0.015940465484434285,
                0.07062071072488889
            ]
        },
        "ParaQNN": {
            "mean": 0.00019153451297171644,
            "std": 0.00012399033370403615,
            "values": [
                0.00026927725325898486,
                6.555026346505731e-05,
                0.0003885894454023501,
                6.688496302123451e-05,
                0.00016737063971095545
            ]
        }
    },
    "seeds_used": [
        42,
        43,
        44,
        45,
        46
    ],
    "noise_regime": {
        "T1_us": 12.0,
        "T2_us": 15.0,
        "rabi_freq": 1.25
    }
}